user_id,user_name,user_email,user_phone,user_place
1,user001,user001@gmail.com,0800121001,Nusa Tenggara Barat 
2,user002,user002@gmail.com,0800121002,Jambi 
3,user003,user003@gmail.com,0800121003,DKI Jakarta 
4,user004,user004@gmail.com,0800121004,Banten 
5,user005,user005@gmail.com,0800121005,Jambi 
6,user006,user006@gmail.com,0800121006,Banten 
7,user007,user007@gmail.com,0800121007,Bengkulu 
8,user008,user008@gmail.com,0800121008,Lampung 
9,user009,user009@gmail.com,0800121009,Sumatera Barat 
10,user010,user010@gmail.com,0800121010,Sumatera Selatan 
11,user011,user011@gmail.com,0800121011,Kepulauan Riau 
12,user012,user012@gmail.com,0800121012,Jawa Barat 
13,user013,user013@gmail.com,0800121013,Bengkulu 
14,user014,user014@gmail.com,0800121014,Sumatera Selatan 
15,user015,user015@gmail.com,0800121015,Sumatera Utara 
16,user016,user016@gmail.com,0800121016,Kepulauan Bangka Belitung 
17,user017,user017@gmail.com,0800121017,Bali 
18,user018,user018@gmail.com,0800121018,Nusa Tenggara Timur 
19,user019,user019@gmail.com,0800121019,Nusa Tenggara Barat 
20,user020,user020@gmail.com,0800121020,Sumatera Barat 
21,user021,user021@gmail.com,0800121021,Kepulauan Bangka Belitung 
22,user022,user022@gmail.com,0800121022,Banten 
23,user023,user023@gmail.com,0800121023,Nusa Tenggara Timur 
24,user024,user024@gmail.com,0800121024,DKI Jakarta 
25,user025,user025@gmail.com,0800121025,Nusa Tenggara Barat 
26,user026,user026@gmail.com,0800121026,Lampung 
27,user027,user027@gmail.com,0800121027,Kepulauan Riau 
28,user028,user028@gmail.com,0800121028,DI Yogyakarta 
29,user029,user029@gmail.com,0800121029,Jambi 
30,user030,user030@gmail.com,0800121030,Kepulauan Bangka Belitung 
31,user031,user031@gmail.com,0800121031,Bengkulu 
32,user032,user032@gmail.com,0800121032,DI Yogyakarta 
33,user033,user033@gmail.com,0800121033,Banten 
34,user034,user034@gmail.com,0800121034,Bengkulu 
35,user035,user035@gmail.com,0800121035,Kepulauan Bangka Belitung 
36,user036,user036@gmail.com,0800121036,Nusa Tenggara Timur 
37,user037,user037@gmail.com,0800121037,Riau 
38,user038,user038@gmail.com,0800121038,Nusa Tenggara Barat 
39,user039,user039@gmail.com,0800121039,Banten 
40,user040,user040@gmail.com,0800121040,Sumatera Utara 
41,user041,user041@gmail.com,0800121041,Lampung 
42,user042,user042@gmail.com,0800121042,Jambi 
43,user043,user043@gmail.com,0800121043,Banten 
44,user044,user044@gmail.com,0800121044,Sumatera Barat 
45,user045,user045@gmail.com,0800121045,Bali 
46,user046,user046@gmail.com,0800121046,Nusa Tenggara Timur 
47,user047,user047@gmail.com,0800121047,Bali 
48,user048,user048@gmail.com,0800121048,Jawa Timur 
49,user049,user049@gmail.com,0800121049,Aceh 
50,user050,user050@gmail.com,0800121050,Banten 
51,user051,user051@gmail.com,0800121051,Aceh 
52,user052,user052@gmail.com,0800121052,Kepulauan Bangka Belitung 
53,user053,user053@gmail.com,0800121053,Kepulauan Riau 
54,user054,user054@gmail.com,0800121054,DKI Jakarta 
55,user055,user055@gmail.com,0800121055,Riau 
56,user056,user056@gmail.com,0800121056,DI Yogyakarta 
57,user057,user057@gmail.com,0800121057,Kepulauan Riau 
58,user058,user058@gmail.com,0800121058,Kepulauan Riau 
59,user059,user059@gmail.com,0800121059,Bengkulu 
60,user060,user060@gmail.com,0800121060,Kepulauan Bangka Belitung 
61,user061,user061@gmail.com,0800121061,DKI Jakarta 
62,user062,user062@gmail.com,0800121062,Jawa Timur 
63,user063,user063@gmail.com,0800121063,Banten 
64,user064,user064@gmail.com,0800121064,Sumatera Barat 
65,user065,user065@gmail.com,0800121065,Kepulauan Bangka Belitung 
66,user066,user066@gmail.com,0800121066,DKI Jakarta 
67,user067,user067@gmail.com,0800121067,Jawa Barat 
68,user068,user068@gmail.com,0800121068,DKI Jakarta 
69,user069,user069@gmail.com,0800121069,Sumatera Utara 
70,user070,user070@gmail.com,0800121070,Kepulauan Riau 
71,user071,user071@gmail.com,0800121071,Bengkulu 
72,user072,user072@gmail.com,0800121072,Jambi 
73,user073,user073@gmail.com,0800121073,Sumatera Barat 
74,user074,user074@gmail.com,0800121074,Kepulauan Riau 
75,user075,user075@gmail.com,0800121075,Riau 
76,user076,user076@gmail.com,0800121076,DKI Jakarta 
77,user077,user077@gmail.com,0800121077,Riau 
78,user078,user078@gmail.com,0800121078,Sumatera Utara 
79,user079,user079@gmail.com,0800121079,Sumatera Barat 
80,user080,user080@gmail.com,0800121080,Aceh 
81,user081,user081@gmail.com,0800121081,Sumatera Utara 
82,user082,user082@gmail.com,0800121082,Jawa Timur 
83,user083,user083@gmail.com,0800121083,Lampung 
84,user084,user084@gmail.com,0800121084,Bali 
85,user085,user085@gmail.com,0800121085,Jawa Timur 
86,user086,user086@gmail.com,0800121086,Kepulauan Riau 
87,user087,user087@gmail.com,0800121087,Jawa Timur 
88,user088,user088@gmail.com,0800121088,Riau 
89,user089,user089@gmail.com,0800121089,Sumatera Barat 
90,user090,user090@gmail.com,0800121090,Kepulauan Riau 
91,user091,user091@gmail.com,0800121091,DKI Jakarta 
92,user092,user092@gmail.com,0800121092,Jawa Barat 
93,user093,user093@gmail.com,0800121093,Jambi 
94,user094,user094@gmail.com,0800121094,Aceh 
95,user095,user095@gmail.com,0800121095,Bengkulu 
96,user096,user096@gmail.com,0800121096,Riau 
97,user097,user097@gmail.com,0800121097,Jawa Tengah 
98,user098,user098@gmail.com,0800121098,Nusa Tenggara Timur 
99,user099,user099@gmail.com,0800121099,DKI Jakarta 
100,user100,user100@gmail.com,0800121100,Bengkulu 
101,user101,user101@gmail.com,0800121101,Bali 
102,user102,user102@gmail.com,0800121102,Sumatera Utara 
103,user103,user103@gmail.com,0800121103,Jawa Tengah 
104,user104,user104@gmail.com,0800121104,Jawa Timur 
105,user105,user105@gmail.com,0800121105,Jambi 
106,user106,user106@gmail.com,0800121106,Aceh 
107,user107,user107@gmail.com,0800121107,Sumatera Selatan 
108,user108,user108@gmail.com,0800121108,Jawa Tengah 
109,user109,user109@gmail.com,0800121109,Jambi 
110,user110,user110@gmail.com,0800121110,Riau 
111,user111,user111@gmail.com,0800121111,Bengkulu 
112,user112,user112@gmail.com,0800121112,Lampung 
113,user113,user113@gmail.com,0800121113,Lampung 
114,user114,user114@gmail.com,0800121114,Kepulauan Riau 
115,user115,user115@gmail.com,0800121115,Nusa Tenggara Timur 
116,user116,user116@gmail.com,0800121116,Sumatera Barat 
117,user117,user117@gmail.com,0800121117,Aceh 
118,user118,user118@gmail.com,0800121118,Jawa Timur 
119,user119,user119@gmail.com,0800121119,Bali 
120,user120,user120@gmail.com,0800121120,Bengkulu 
121,user121,user121@gmail.com,0800121121,Kepulauan Riau 
122,user122,user122@gmail.com,0800121122,Bali 
123,user123,user123@gmail.com,0800121123,Sumatera Selatan 
124,user124,user124@gmail.com,0800121124,Sumatera Barat 
125,user125,user125@gmail.com,0800121125,Lampung 
126,user126,user126@gmail.com,0800121126,Kepulauan Riau 
127,user127,user127@gmail.com,0800121127,Sumatera Selatan 
128,user128,user128@gmail.com,0800121128,Kepulauan Riau 
129,user129,user129@gmail.com,0800121129,Nusa Tenggara Timur 
130,user130,user130@gmail.com,0800121130,Lampung 
131,user131,user131@gmail.com,0800121131,Kepulauan Riau 
132,user132,user132@gmail.com,0800121132,Jambi 
133,user133,user133@gmail.com,0800121133,Bengkulu 
134,user134,user134@gmail.com,0800121134,Jambi 
135,user135,user135@gmail.com,0800121135,Jawa Barat 
136,user136,user136@gmail.com,0800121136,Jawa Barat 
137,user137,user137@gmail.com,0800121137,Sumatera Selatan 
138,user138,user138@gmail.com,0800121138,Bengkulu 
139,user139,user139@gmail.com,0800121139,Aceh 
140,user140,user140@gmail.com,0800121140,Riau 
141,user141,user141@gmail.com,0800121141,DKI Jakarta 
142,user142,user142@gmail.com,0800121142,Jawa Timur 
143,user143,user143@gmail.com,0800121143,Jambi 
144,user144,user144@gmail.com,0800121144,Nusa Tenggara Barat 
145,user145,user145@gmail.com,0800121145,Bali 
146,user146,user146@gmail.com,0800121146,DI Yogyakarta 
147,user147,user147@gmail.com,0800121147,Kepulauan Bangka Belitung 
148,user148,user148@gmail.com,0800121148,Bali 
149,user149,user149@gmail.com,0800121149,Nusa Tenggara Timur 
150,user150,user150@gmail.com,0800121150,Jawa Barat 
151,user151,user151@gmail.com,0800121151,DI Yogyakarta 
152,user152,user152@gmail.com,0800121152,Banten 
153,user153,user153@gmail.com,0800121153,Jawa Timur 
154,user154,user154@gmail.com,0800121154,Kepulauan Bangka Belitung 
155,user155,user155@gmail.com,0800121155,Jawa Tengah 
156,user156,user156@gmail.com,0800121156,Lampung 
157,user157,user157@gmail.com,0800121157,Jawa Barat 
158,user158,user158@gmail.com,0800121158,Bengkulu 
159,user159,user159@gmail.com,0800121159,Aceh 
160,user160,user160@gmail.com,0800121160,Jawa Barat 
161,user161,user161@gmail.com,0800121161,Banten 
162,user162,user162@gmail.com,0800121162,Bali 
163,user163,user163@gmail.com,0800121163,Nusa Tenggara Timur 
164,user164,user164@gmail.com,0800121164,Jawa Barat 
165,user165,user165@gmail.com,0800121165,Bali 
166,user166,user166@gmail.com,0800121166,Sumatera Barat 
167,user167,user167@gmail.com,0800121167,Jawa Timur 
168,user168,user168@gmail.com,0800121168,Jawa Tengah 
169,user169,user169@gmail.com,0800121169,Jawa Tengah 
170,user170,user170@gmail.com,0800121170,Kepulauan Riau 
171,user171,user171@gmail.com,0800121171,DI Yogyakarta 
172,user172,user172@gmail.com,0800121172,Jawa Tengah 
173,user173,user173@gmail.com,0800121173,Bengkulu 
174,user174,user174@gmail.com,0800121174,Sumatera Utara 
175,user175,user175@gmail.com,0800121175,Kepulauan Riau 
176,user176,user176@gmail.com,0800121176,DI Yogyakarta 
177,user177,user177@gmail.com,0800121177,Nusa Tenggara Timur 
178,user178,user178@gmail.com,0800121178,Nusa Tenggara Timur 
179,user179,user179@gmail.com,0800121179,Jawa Timur 
180,user180,user180@gmail.com,0800121180,Kepulauan Bangka Belitung 
181,user181,user181@gmail.com,0800121181,Bali 
182,user182,user182@gmail.com,0800121182,Bali 
183,user183,user183@gmail.com,0800121183,Lampung 
184,user184,user184@gmail.com,0800121184,DKI Jakarta 
185,user185,user185@gmail.com,0800121185,Sumatera Barat 
186,user186,user186@gmail.com,0800121186,Jawa Barat 
187,user187,user187@gmail.com,0800121187,Sumatera Barat 
188,user188,user188@gmail.com,0800121188,Jawa Timur 
189,user189,user189@gmail.com,0800121189,Banten 
190,user190,user190@gmail.com,0800121190,Sumatera Utara 
191,user191,user191@gmail.com,0800121191,Lampung 
192,user192,user192@gmail.com,0800121192,Bali 
193,user193,user193@gmail.com,0800121193,Sumatera Selatan 
194,user194,user194@gmail.com,0800121194,Nusa Tenggara Barat 
195,user195,user195@gmail.com,0800121195,Sumatera Utara 
196,user196,user196@gmail.com,0800121196,Riau 
197,user197,user197@gmail.com,0800121197,Sumatera Selatan 
198,user198,user198@gmail.com,0800121198,Lampung 
199,user199,user199@gmail.com,0800121199,Lampung 
200,user200,user200@gmail.com,0800121200,Aceh 
201,user201,user201@gmail.com,0800121201,Nusa Tenggara Barat 
202,user202,user202@gmail.com,0800121202,Jawa Timur 
203,user203,user203@gmail.com,0800121203,Banten 
204,user204,user204@gmail.com,0800121204,Jambi 
205,user205,user205@gmail.com,0800121205,Jawa Timur 
206,user206,user206@gmail.com,0800121206,Aceh 
207,user207,user207@gmail.com,0800121207,Jambi 
208,user208,user208@gmail.com,0800121208,Bengkulu 
209,user209,user209@gmail.com,0800121209,Bali 
210,user210,user210@gmail.com,0800121210,Lampung 
211,user211,user211@gmail.com,0800121211,Jawa Tengah 
212,user212,user212@gmail.com,0800121212,Kepulauan Riau 
213,user213,user213@gmail.com,0800121213,Jawa Barat 
214,user214,user214@gmail.com,0800121214,Riau 
215,user215,user215@gmail.com,0800121215,DI Yogyakarta 
216,user216,user216@gmail.com,0800121216,Sumatera Utara 
217,user217,user217@gmail.com,0800121217,Jambi 
218,user218,user218@gmail.com,0800121218,Jawa Tengah 
219,user219,user219@gmail.com,0800121219,Sumatera Utara 
220,user220,user220@gmail.com,0800121220,Jawa Tengah 
221,user221,user221@gmail.com,0800121221,Sumatera Utara 
222,user222,user222@gmail.com,0800121222,Jawa Barat 
223,user223,user223@gmail.com,0800121223,Sumatera Selatan 
224,user224,user224@gmail.com,0800121224,Riau 
225,user225,user225@gmail.com,0800121225,Jawa Barat 
226,user226,user226@gmail.com,0800121226,Jawa Timur 
227,user227,user227@gmail.com,0800121227,Lampung 
228,user228,user228@gmail.com,0800121228,Kepulauan Bangka Belitung 
229,user229,user229@gmail.com,0800121229,Sumatera Barat 
230,user230,user230@gmail.com,0800121230,Jawa Tengah 
231,user231,user231@gmail.com,0800121231,DI Yogyakarta 
232,user232,user232@gmail.com,0800121232,Kepulauan Riau 
233,user233,user233@gmail.com,0800121233,Kepulauan Riau 
234,user234,user234@gmail.com,0800121234,DI Yogyakarta 
235,user235,user235@gmail.com,0800121235,Jawa Barat 
236,user236,user236@gmail.com,0800121236,Sumatera Selatan 
237,user237,user237@gmail.com,0800121237,Nusa Tenggara Barat 
238,user238,user238@gmail.com,0800121238,Jambi 
239,user239,user239@gmail.com,0800121239,Jawa Tengah 
240,user240,user240@gmail.com,0800121240,Lampung 
241,user241,user241@gmail.com,0800121241,Riau 
242,user242,user242@gmail.com,0800121242,Kepulauan Bangka Belitung 
243,user243,user243@gmail.com,0800121243,Lampung 
244,user244,user244@gmail.com,0800121244,Kepulauan Riau 
245,user245,user245@gmail.com,0800121245,Aceh 
246,user246,user246@gmail.com,0800121246,DKI Jakarta 
247,user247,user247@gmail.com,0800121247,Jawa Barat 
248,user248,user248@gmail.com,0800121248,Kepulauan Bangka Belitung 
249,user249,user249@gmail.com,0800121249,Sumatera Barat 
250,user250,user250@gmail.com,0800121250,DKI Jakarta 
251,user251,user251@gmail.com,0800121251,Banten 
252,user252,user252@gmail.com,0800121252,Lampung 
253,user253,user253@gmail.com,0800121253,Nusa Tenggara Barat 
254,user254,user254@gmail.com,0800121254,Jawa Barat 
255,user255,user255@gmail.com,0800121255,DKI Jakarta 
256,user256,user256@gmail.com,0800121256,Lampung 
257,user257,user257@gmail.com,0800121257,Jambi 
258,user258,user258@gmail.com,0800121258,Kepulauan Riau 
259,user259,user259@gmail.com,0800121259,Bengkulu 
260,user260,user260@gmail.com,0800121260,Riau 
261,user261,user261@gmail.com,0800121261,Kepulauan Riau 
262,user262,user262@gmail.com,0800121262,Jawa Tengah 
263,user263,user263@gmail.com,0800121263,Sumatera Barat 
264,user264,user264@gmail.com,0800121264,DKI Jakarta 
265,user265,user265@gmail.com,0800121265,Nusa Tenggara Timur 
266,user266,user266@gmail.com,0800121266,Aceh 
267,user267,user267@gmail.com,0800121267,Jambi 
268,user268,user268@gmail.com,0800121268,Nusa Tenggara Timur 
269,user269,user269@gmail.com,0800121269,Kepulauan Bangka Belitung 
270,user270,user270@gmail.com,0800121270,Sumatera Utara 
271,user271,user271@gmail.com,0800121271,DI Yogyakarta 
272,user272,user272@gmail.com,0800121272,Nusa Tenggara Timur 
273,user273,user273@gmail.com,0800121273,DI Yogyakarta 
274,user274,user274@gmail.com,0800121274,DI Yogyakarta 
275,user275,user275@gmail.com,0800121275,Aceh 
276,user276,user276@gmail.com,0800121276,DKI Jakarta 
277,user277,user277@gmail.com,0800121277,Jawa Tengah 
278,user278,user278@gmail.com,0800121278,Aceh 
279,user279,user279@gmail.com,0800121279,Kepulauan Bangka Belitung 
280,user280,user280@gmail.com,0800121280,Bengkulu 
281,user281,user281@gmail.com,0800121281,Nusa Tenggara Barat 
282,user282,user282@gmail.com,0800121282,DI Yogyakarta 
283,user283,user283@gmail.com,0800121283,Bengkulu 
284,user284,user284@gmail.com,0800121284,Nusa Tenggara Timur 
285,user285,user285@gmail.com,0800121285,Jawa Timur 
286,user286,user286@gmail.com,0800121286,Nusa Tenggara Timur 
287,user287,user287@gmail.com,0800121287,Nusa Tenggara Timur 
288,user288,user288@gmail.com,0800121288,Banten 
289,user289,user289@gmail.com,0800121289,Sumatera Utara 
290,user290,user290@gmail.com,0800121290,Nusa Tenggara Barat 
291,user291,user291@gmail.com,0800121291,Kepulauan Riau 
292,user292,user292@gmail.com,0800121292,Sumatera Barat 
293,user293,user293@gmail.com,0800121293,Kepulauan Bangka Belitung 
294,user294,user294@gmail.com,0800121294,Nusa Tenggara Timur 
295,user295,user295@gmail.com,0800121295,Jawa Tengah 
296,user296,user296@gmail.com,0800121296,Bengkulu 
297,user297,user297@gmail.com,0800121297,Nusa Tenggara Barat 
298,user298,user298@gmail.com,0800121298,Jawa Barat 
299,user299,user299@gmail.com,0800121299,Jawa Tengah 
300,user300,user300@gmail.com,0800121300,Nusa Tenggara Timur 
301,user301,user301@gmail.com,0800121301,DKI Jakarta 
302,user302,user302@gmail.com,0800121302,Sumatera Barat 
303,user303,user303@gmail.com,0800121303,DKI Jakarta 
304,user304,user304@gmail.com,0800121304,DKI Jakarta 
305,user305,user305@gmail.com,0800121305,Jawa Timur 
306,user306,user306@gmail.com,0800121306,Lampung 
307,user307,user307@gmail.com,0800121307,DKI Jakarta 
308,user308,user308@gmail.com,0800121308,Sumatera Barat 
309,user309,user309@gmail.com,0800121309,Sumatera Utara 
310,user310,user310@gmail.com,0800121310,Jawa Timur 
311,user311,user311@gmail.com,0800121311,Sumatera Selatan 
312,user312,user312@gmail.com,0800121312,Jambi 
313,user313,user313@gmail.com,0800121313,Sumatera Barat 
314,user314,user314@gmail.com,0800121314,Bali 
315,user315,user315@gmail.com,0800121315,Jawa Barat 
316,user316,user316@gmail.com,0800121316,Bali 
317,user317,user317@gmail.com,0800121317,Nusa Tenggara Timur 
318,user318,user318@gmail.com,0800121318,Riau 
319,user319,user319@gmail.com,0800121319,Banten 
320,user320,user320@gmail.com,0800121320,Nusa Tenggara Timur 
321,user321,user321@gmail.com,0800121321,Bali 
322,user322,user322@gmail.com,0800121322,Aceh 
323,user323,user323@gmail.com,0800121323,Jawa Tengah 
324,user324,user324@gmail.com,0800121324,Jambi 
325,user325,user325@gmail.com,0800121325,Jawa Timur 
326,user326,user326@gmail.com,0800121326,Kepulauan Riau 
327,user327,user327@gmail.com,0800121327,Lampung 
328,user328,user328@gmail.com,0800121328,Jambi 
329,user329,user329@gmail.com,0800121329,Kepulauan Riau 
330,user330,user330@gmail.com,0800121330,DI Yogyakarta 
331,user331,user331@gmail.com,0800121331,Banten 
332,user332,user332@gmail.com,0800121332,Sumatera Barat 
333,user333,user333@gmail.com,0800121333,Sumatera Selatan 
334,user334,user334@gmail.com,0800121334,Bali 
335,user335,user335@gmail.com,0800121335,Nusa Tenggara Barat 
336,user336,user336@gmail.com,0800121336,Nusa Tenggara Timur 
337,user337,user337@gmail.com,0800121337,Sumatera Selatan 
338,user338,user338@gmail.com,0800121338,Nusa Tenggara Timur 
339,user339,user339@gmail.com,0800121339,Kepulauan Riau 
340,user340,user340@gmail.com,0800121340,Aceh 
341,user341,user341@gmail.com,0800121341,Sumatera Barat 
342,user342,user342@gmail.com,0800121342,Sumatera Utara 
343,user343,user343@gmail.com,0800121343,Riau 
344,user344,user344@gmail.com,0800121344,Jawa Tengah 
345,user345,user345@gmail.com,0800121345,DKI Jakarta 
346,user346,user346@gmail.com,0800121346,Aceh 
347,user347,user347@gmail.com,0800121347,Jawa Tengah 
348,user348,user348@gmail.com,0800121348,Bali 
349,user349,user349@gmail.com,0800121349,Nusa Tenggara Timur 
350,user350,user350@gmail.com,0800121350,DI Yogyakarta 
351,user351,user351@gmail.com,0800121351,Kepulauan Bangka Belitung 
352,user352,user352@gmail.com,0800121352,Banten 
353,user353,user353@gmail.com,0800121353,Lampung 
354,user354,user354@gmail.com,0800121354,Jawa Tengah 
355,user355,user355@gmail.com,0800121355,Banten 
356,user356,user356@gmail.com,0800121356,Jawa Barat 
357,user357,user357@gmail.com,0800121357,Sumatera Selatan 
358,user358,user358@gmail.com,0800121358,Lampung 
359,user359,user359@gmail.com,0800121359,Jawa Barat 
360,user360,user360@gmail.com,0800121360,Bengkulu 
361,user361,user361@gmail.com,0800121361,DI Yogyakarta 
362,user362,user362@gmail.com,0800121362,Riau 
363,user363,user363@gmail.com,0800121363,DI Yogyakarta 
364,user364,user364@gmail.com,0800121364,Kepulauan Bangka Belitung 
365,user365,user365@gmail.com,0800121365,Riau 
366,user366,user366@gmail.com,0800121366,Kepulauan Bangka Belitung 
367,user367,user367@gmail.com,0800121367,Jawa Tengah 
368,user368,user368@gmail.com,0800121368,Bali 
369,user369,user369@gmail.com,0800121369,Jawa Tengah 
370,user370,user370@gmail.com,0800121370,Sumatera Barat 
371,user371,user371@gmail.com,0800121371,Jawa Timur 
372,user372,user372@gmail.com,0800121372,Jawa Barat 
373,user373,user373@gmail.com,0800121373,Sumatera Utara 
374,user374,user374@gmail.com,0800121374,Aceh 
375,user375,user375@gmail.com,0800121375,Jawa Tengah 
376,user376,user376@gmail.com,0800121376,Nusa Tenggara Barat 
377,user377,user377@gmail.com,0800121377,Bengkulu 
378,user378,user378@gmail.com,0800121378,Sumatera Selatan 
379,user379,user379@gmail.com,0800121379,Jawa Tengah 
380,user380,user380@gmail.com,0800121380,Sumatera Selatan 
381,user381,user381@gmail.com,0800121381,Jambi 
382,user382,user382@gmail.com,0800121382,Sumatera Selatan 
383,user383,user383@gmail.com,0800121383,Sumatera Utara 
384,user384,user384@gmail.com,0800121384,Bengkulu 
385,user385,user385@gmail.com,0800121385,DKI Jakarta 
386,user386,user386@gmail.com,0800121386,Jambi 
387,user387,user387@gmail.com,0800121387,Sumatera Utara 
388,user388,user388@gmail.com,0800121388,Riau 
389,user389,user389@gmail.com,0800121389,Sumatera Utara 
390,user390,user390@gmail.com,0800121390,Jawa Tengah 
391,user391,user391@gmail.com,0800121391,Riau 
392,user392,user392@gmail.com,0800121392,Sumatera Utara 
393,user393,user393@gmail.com,0800121393,Bali 
394,user394,user394@gmail.com,0800121394,Jambi 
395,user395,user395@gmail.com,0800121395,Riau 
396,user396,user396@gmail.com,0800121396,Kepulauan Riau 
397,user397,user397@gmail.com,0800121397,Sumatera Selatan 
398,user398,user398@gmail.com,0800121398,Nusa Tenggara Timur 
399,user399,user399@gmail.com,0800121399,Nusa Tenggara Timur 
400,user400,user400@gmail.com,0800121400,Jawa Barat 
401,user401,user401@gmail.com,0800121401,Sumatera Barat 
402,user402,user402@gmail.com,0800121402,Bali 
403,user403,user403@gmail.com,0800121403,Nusa Tenggara Barat 
404,user404,user404@gmail.com,0800121404,Kepulauan Bangka Belitung 
405,user405,user405@gmail.com,0800121405,Sumatera Barat 
406,user406,user406@gmail.com,0800121406,Kepulauan Bangka Belitung 
407,user407,user407@gmail.com,0800121407,Nusa Tenggara Timur 
408,user408,user408@gmail.com,0800121408,Sumatera Selatan 
409,user409,user409@gmail.com,0800121409,Bengkulu 
410,user410,user410@gmail.com,0800121410,Lampung 
411,user411,user411@gmail.com,0800121411,Banten 
412,user412,user412@gmail.com,0800121412,Riau 
413,user413,user413@gmail.com,0800121413,Bengkulu 
414,user414,user414@gmail.com,0800121414,Kepulauan Riau 
415,user415,user415@gmail.com,0800121415,Nusa Tenggara Timur 
416,user416,user416@gmail.com,0800121416,Bali 
417,user417,user417@gmail.com,0800121417,DI Yogyakarta 
418,user418,user418@gmail.com,0800121418,Bengkulu 
419,user419,user419@gmail.com,0800121419,Riau 
420,user420,user420@gmail.com,0800121420,Bali 
421,user421,user421@gmail.com,0800121421,Riau 
422,user422,user422@gmail.com,0800121422,Jambi 
423,user423,user423@gmail.com,0800121423,Sumatera Selatan 
424,user424,user424@gmail.com,0800121424,DI Yogyakarta 
425,user425,user425@gmail.com,0800121425,Kepulauan Bangka Belitung 
426,user426,user426@gmail.com,0800121426,DI Yogyakarta 
427,user427,user427@gmail.com,0800121427,Sumatera Selatan 
428,user428,user428@gmail.com,0800121428,Kepulauan Bangka Belitung 
429,user429,user429@gmail.com,0800121429,DKI Jakarta 
430,user430,user430@gmail.com,0800121430,Kepulauan Riau 
431,user431,user431@gmail.com,0800121431,Jawa Tengah 
432,user432,user432@gmail.com,0800121432,Nusa Tenggara Timur 
433,user433,user433@gmail.com,0800121433,Bengkulu 
434,user434,user434@gmail.com,0800121434,Nusa Tenggara Barat 
435,user435,user435@gmail.com,0800121435,Kepulauan Bangka Belitung 
436,user436,user436@gmail.com,0800121436,Sumatera Utara 
437,user437,user437@gmail.com,0800121437,DKI Jakarta 
438,user438,user438@gmail.com,0800121438,DI Yogyakarta 
439,user439,user439@gmail.com,0800121439,Bengkulu 
440,user440,user440@gmail.com,0800121440,Sumatera Selatan 
441,user441,user441@gmail.com,0800121441,Sumatera Barat 
442,user442,user442@gmail.com,0800121442,Jawa Timur 
443,user443,user443@gmail.com,0800121443,Jambi 
444,user444,user444@gmail.com,0800121444,Banten 
445,user445,user445@gmail.com,0800121445,Jawa Timur 
446,user446,user446@gmail.com,0800121446,DI Yogyakarta 
447,user447,user447@gmail.com,0800121447,Jambi 
448,user448,user448@gmail.com,0800121448,DKI Jakarta 
449,user449,user449@gmail.com,0800121449,Sumatera Selatan 
450,user450,user450@gmail.com,0800121450,Banten 
451,user451,user451@gmail.com,0800121451,Riau 
452,user452,user452@gmail.com,0800121452,DI Yogyakarta 
453,user453,user453@gmail.com,0800121453,Jawa Tengah 
454,user454,user454@gmail.com,0800121454,Kepulauan Riau 
455,user455,user455@gmail.com,0800121455,DKI Jakarta 
456,user456,user456@gmail.com,0800121456,Jawa Barat 
457,user457,user457@gmail.com,0800121457,Kepulauan Bangka Belitung 
458,user458,user458@gmail.com,0800121458,Nusa Tenggara Timur 
459,user459,user459@gmail.com,0800121459,Sumatera Barat 
460,user460,user460@gmail.com,0800121460,Sumatera Selatan 
461,user461,user461@gmail.com,0800121461,Kepulauan Bangka Belitung 
462,user462,user462@gmail.com,0800121462,Sumatera Selatan 
463,user463,user463@gmail.com,0800121463,Bali 
464,user464,user464@gmail.com,0800121464,Kepulauan Riau 
465,user465,user465@gmail.com,0800121465,DI Yogyakarta 
466,user466,user466@gmail.com,0800121466,Riau 
467,user467,user467@gmail.com,0800121467,Jawa Timur 
468,user468,user468@gmail.com,0800121468,Riau 
469,user469,user469@gmail.com,0800121469,Jawa Tengah 
470,user470,user470@gmail.com,0800121470,Sumatera Utara 
471,user471,user471@gmail.com,0800121471,Sumatera Barat 
472,user472,user472@gmail.com,0800121472,Riau 
473,user473,user473@gmail.com,0800121473,DI Yogyakarta 
474,user474,user474@gmail.com,0800121474,Jawa Timur 
475,user475,user475@gmail.com,0800121475,Sumatera Selatan 
476,user476,user476@gmail.com,0800121476,Sumatera Selatan 
477,user477,user477@gmail.com,0800121477,Lampung 
478,user478,user478@gmail.com,0800121478,Banten 
479,user479,user479@gmail.com,0800121479,DKI Jakarta 
480,user480,user480@gmail.com,0800121480,Nusa Tenggara Timur 
481,user481,user481@gmail.com,0800121481,Jawa Barat 
482,user482,user482@gmail.com,0800121482,Sumatera Selatan 
483,user483,user483@gmail.com,0800121483,Sumatera Selatan 
484,user484,user484@gmail.com,0800121484,Sumatera Barat 
485,user485,user485@gmail.com,0800121485,Jawa Tengah 
486,user486,user486@gmail.com,0800121486,Sumatera Selatan 
487,user487,user487@gmail.com,0800121487,DKI Jakarta 
488,user488,user488@gmail.com,0800121488,Nusa Tenggara Barat 
489,user489,user489@gmail.com,0800121489,Sumatera Barat 
490,user490,user490@gmail.com,0800121490,Jambi 
491,user491,user491@gmail.com,0800121491,Sumatera Barat 
492,user492,user492@gmail.com,0800121492,DKI Jakarta 
493,user493,user493@gmail.com,0800121493,DI Yogyakarta 
494,user494,user494@gmail.com,0800121494,Bali 
495,user495,user495@gmail.com,0800121495,Lampung 
496,user496,user496@gmail.com,0800121496,Banten 
497,user497,user497@gmail.com,0800121497,Bali 
498,user498,user498@gmail.com,0800121498,Riau 
499,user499,user499@gmail.com,0800121499,Nusa Tenggara Barat 
500,user500,user500@gmail.com,0800121500,Jawa Tengah 
